Task,Layer,TopK,Metric,Value
german,0,50,Unique,0
german,0,50,Shared,50
german,0,100,Unique,3
german,0,100,Shared,97
german,0,500,Unique,10
german,0,500,Shared,490
german,0,1000,Unique,12
german,0,1000,Shared,988
german,0,2000,Unique,16
german,0,2000,Shared,1984
german,0,3000,Unique,128
german,0,3000,Shared,2872
german,0,5000,Unique,1314
german,0,5000,Shared,3686
german,1,50,Unique,1
german,1,50,Shared,49
german,1,100,Unique,2
german,1,100,Shared,98
german,1,500,Unique,15
german,1,500,Shared,485
german,1,1000,Unique,203
german,1,1000,Shared,797
german,1,2000,Unique,748
german,1,2000,Shared,1252
german,1,3000,Unique,1448
german,1,3000,Shared,1552
german,1,5000,Unique,2805
german,1,5000,Shared,2195
german,2,50,Unique,2
german,2,50,Shared,48
german,2,100,Unique,3
german,2,100,Shared,97
german,2,500,Unique,16
german,2,500,Shared,484
german,2,1000,Unique,120
german,2,1000,Shared,880
german,2,2000,Unique,347
german,2,2000,Shared,1653
german,2,3000,Unique,691
german,2,3000,Shared,2309
german,2,5000,Unique,1953
german,2,5000,Shared,3047
german,3,50,Unique,2
german,3,50,Shared,48
german,3,100,Unique,3
german,3,100,Shared,97
german,3,500,Unique,12
german,3,500,Shared,488
german,3,1000,Unique,18
german,3,1000,Shared,982
german,3,2000,Unique,90
german,3,2000,Shared,1910
german,3,3000,Unique,155
german,3,3000,Shared,2845
german,3,5000,Unique,284
german,3,5000,Shared,4716
german,4,50,Unique,3
german,4,50,Shared,47
german,4,100,Unique,5
german,4,100,Shared,95
german,4,500,Unique,20
german,4,500,Shared,480
german,4,1000,Unique,16
german,4,1000,Shared,984
german,4,2000,Unique,118
german,4,2000,Shared,1882
german,4,3000,Unique,183
german,4,3000,Shared,2817
german,4,5000,Unique,284
german,4,5000,Shared,4716
german,5,50,Unique,2
german,5,50,Shared,48
german,5,100,Unique,3
german,5,100,Shared,97
german,5,500,Unique,36
german,5,500,Shared,464
german,5,1000,Unique,89
german,5,1000,Shared,911
german,5,2000,Unique,165
german,5,2000,Shared,1835
german,5,3000,Unique,224
german,5,3000,Shared,2776
german,5,5000,Unique,371
german,5,5000,Shared,4629
german,6,50,Unique,1
german,6,50,Shared,49
german,6,100,Unique,2
german,6,100,Shared,98
german,6,500,Unique,22
german,6,500,Shared,478
german,6,1000,Unique,109
german,6,1000,Shared,891
german,6,2000,Unique,232
german,6,2000,Shared,1768
german,6,3000,Unique,326
german,6,3000,Shared,2674
german,6,5000,Unique,460
german,6,5000,Shared,4540
german,7,50,Unique,2
german,7,50,Shared,48
german,7,100,Unique,3
german,7,100,Shared,97
german,7,500,Unique,36
german,7,500,Shared,464
german,7,1000,Unique,112
german,7,1000,Shared,888
german,7,2000,Unique,252
german,7,2000,Shared,1748
german,7,3000,Unique,337
german,7,3000,Shared,2663
german,7,5000,Unique,486
german,7,5000,Shared,4514
german,8,50,Unique,1
german,8,50,Shared,49
german,8,100,Unique,4
german,8,100,Shared,96
german,8,500,Unique,47
german,8,500,Shared,453
german,8,1000,Unique,134
german,8,1000,Shared,866
german,8,2000,Unique,278
german,8,2000,Shared,1722
german,8,3000,Unique,362
german,8,3000,Shared,2638
german,8,5000,Unique,559
german,8,5000,Shared,4441
german,9,50,Unique,2
german,9,50,Shared,48
german,9,100,Unique,5
german,9,100,Shared,95
german,9,500,Unique,71
german,9,500,Shared,429
german,9,1000,Unique,187
german,9,1000,Shared,813
german,9,2000,Unique,317
german,9,2000,Shared,1683
german,9,3000,Unique,435
german,9,3000,Shared,2565
german,9,5000,Unique,598
german,9,5000,Shared,4402
german,10,50,Unique,2
german,10,50,Shared,48
german,10,100,Unique,2
german,10,100,Shared,98
german,10,500,Unique,63
german,10,500,Shared,437
german,10,1000,Unique,171
german,10,1000,Shared,829
german,10,2000,Unique,289
german,10,2000,Shared,1711
german,10,3000,Unique,419
german,10,3000,Shared,2581
german,10,5000,Unique,634
german,10,5000,Shared,4366
german,11,50,Unique,0
german,11,50,Shared,50
german,11,100,Unique,3
german,11,100,Shared,97
german,11,500,Unique,75
german,11,500,Shared,425
german,11,1000,Unique,188
german,11,1000,Shared,812
german,11,2000,Unique,364
german,11,2000,Shared,1636
german,11,3000,Unique,489
german,11,3000,Shared,2511
german,11,5000,Unique,695
german,11,5000,Shared,4305
german,12,50,Unique,2
german,12,50,Shared,48
german,12,100,Unique,1
german,12,100,Shared,99
german,12,500,Unique,76
german,12,500,Shared,424
german,12,1000,Unique,189
german,12,1000,Shared,811
german,12,2000,Unique,351
german,12,2000,Shared,1649
german,12,3000,Unique,500
german,12,3000,Shared,2500
german,12,5000,Unique,705
german,12,5000,Shared,4295
german,13,50,Unique,2
german,13,50,Shared,48
german,13,100,Unique,5
german,13,100,Shared,95
german,13,500,Unique,85
german,13,500,Shared,415
german,13,1000,Unique,193
german,13,1000,Shared,807
german,13,2000,Unique,376
german,13,2000,Shared,1624
german,13,3000,Unique,539
german,13,3000,Shared,2461
german,13,5000,Unique,789
german,13,5000,Shared,4211
german,14,50,Unique,3
german,14,50,Shared,47
german,14,100,Unique,5
german,14,100,Shared,95
german,14,500,Unique,68
german,14,500,Shared,432
german,14,1000,Unique,128
german,14,1000,Shared,872
german,14,2000,Unique,206
german,14,2000,Shared,1794
german,14,3000,Unique,264
german,14,3000,Shared,2736
german,14,5000,Unique,342
german,14,5000,Shared,4658
german,15,50,Unique,2
german,15,50,Shared,48
german,15,100,Unique,4
german,15,100,Shared,96
german,15,500,Unique,84
german,15,500,Shared,416
german,15,1000,Unique,168
german,15,1000,Shared,832
german,15,2000,Unique,291
german,15,2000,Shared,1709
german,15,3000,Unique,373
german,15,3000,Shared,2627
german,15,5000,Unique,552
german,15,5000,Shared,4448
german,16,50,Unique,2
german,16,50,Shared,48
german,16,100,Unique,9
german,16,100,Shared,91
german,16,500,Unique,61
german,16,500,Shared,439
german,16,1000,Unique,104
german,16,1000,Shared,896
german,16,2000,Unique,174
german,16,2000,Shared,1826
german,16,3000,Unique,210
german,16,3000,Shared,2790
german,16,5000,Unique,381
german,16,5000,Shared,4619
german,17,50,Unique,2
german,17,50,Shared,48
german,17,100,Unique,10
german,17,100,Shared,90
german,17,500,Unique,69
german,17,500,Shared,431
german,17,1000,Unique,124
german,17,1000,Shared,876
german,17,2000,Unique,185
german,17,2000,Shared,1815
german,17,3000,Unique,260
german,17,3000,Shared,2740
german,17,5000,Unique,442
german,17,5000,Shared,4558
german,18,50,Unique,1
german,18,50,Shared,49
german,18,100,Unique,12
german,18,100,Shared,88
german,18,500,Unique,61
german,18,500,Shared,439
german,18,1000,Unique,115
german,18,1000,Shared,885
german,18,2000,Unique,188
german,18,2000,Shared,1812
german,18,3000,Unique,269
german,18,3000,Shared,2731
german,18,5000,Unique,470
german,18,5000,Shared,4530
german,19,50,Unique,4
german,19,50,Shared,46
german,19,100,Unique,7
german,19,100,Shared,93
german,19,500,Unique,97
german,19,500,Shared,403
german,19,1000,Unique,191
german,19,1000,Shared,809
german,19,2000,Unique,321
german,19,2000,Shared,1679
german,19,3000,Unique,460
german,19,3000,Shared,2540
german,19,5000,Unique,872
german,19,5000,Shared,4128
german,20,50,Unique,1
german,20,50,Shared,49
german,20,100,Unique,5
german,20,100,Shared,95
german,20,500,Unique,49
german,20,500,Shared,451
german,20,1000,Unique,74
german,20,1000,Shared,926
german,20,2000,Unique,115
german,20,2000,Shared,1885
german,20,3000,Unique,136
german,20,3000,Shared,2864
german,20,5000,Unique,523
german,20,5000,Shared,4477
german,21,50,Unique,5
german,21,50,Shared,45
german,21,100,Unique,6
german,21,100,Shared,94
german,21,500,Unique,52
german,21,500,Shared,448
german,21,1000,Unique,111
german,21,1000,Shared,889
german,21,2000,Unique,164
german,21,2000,Shared,1836
german,21,3000,Unique,221
german,21,3000,Shared,2779
german,21,5000,Unique,804
german,21,5000,Shared,4196
german,22,50,Unique,5
german,22,50,Shared,45
german,22,100,Unique,6
german,22,100,Shared,94
german,22,500,Unique,49
german,22,500,Shared,451
german,22,1000,Unique,102
german,22,1000,Shared,898
german,22,2000,Unique,192
german,22,2000,Shared,1808
german,22,3000,Unique,236
german,22,3000,Shared,2764
german,22,5000,Unique,673
german,22,5000,Shared,4327
german,23,50,Unique,2
german,23,50,Shared,48
german,23,100,Unique,5
german,23,100,Shared,95
german,23,500,Unique,52
german,23,500,Shared,448
german,23,1000,Unique,120
german,23,1000,Shared,880
german,23,2000,Unique,205
german,23,2000,Shared,1795
german,23,3000,Unique,338
german,23,3000,Shared,2662
german,23,5000,Unique,946
german,23,5000,Shared,4054
german,24,50,Unique,2
german,24,50,Shared,48
german,24,100,Unique,8
german,24,100,Shared,92
german,24,500,Unique,55
german,24,500,Shared,445
german,24,1000,Unique,104
german,24,1000,Shared,896
german,24,2000,Unique,192
german,24,2000,Shared,1808
german,24,3000,Unique,259
german,24,3000,Shared,2741
german,24,5000,Unique,866
german,24,5000,Shared,4134
german,25,50,Unique,4
german,25,50,Shared,46
german,25,100,Unique,3
german,25,100,Shared,97
german,25,500,Unique,49
german,25,500,Shared,451
german,25,1000,Unique,93
german,25,1000,Shared,907
german,25,2000,Unique,144
german,25,2000,Shared,1856
german,25,3000,Unique,191
german,25,3000,Shared,2809
german,25,5000,Unique,741
german,25,5000,Shared,4259
german,26,50,Unique,3
german,26,50,Shared,47
german,26,100,Unique,3
german,26,100,Shared,97
german,26,500,Unique,52
german,26,500,Shared,448
german,26,1000,Unique,81
german,26,1000,Shared,919
german,26,2000,Unique,104
german,26,2000,Shared,1896
german,26,3000,Unique,142
german,26,3000,Shared,2858
german,26,5000,Unique,664
german,26,5000,Shared,4336
german,27,50,Unique,2
german,27,50,Shared,48
german,27,100,Unique,11
german,27,100,Shared,89
german,27,500,Unique,41
german,27,500,Shared,459
german,27,1000,Unique,64
german,27,1000,Shared,936
german,27,2000,Unique,103
german,27,2000,Shared,1897
german,27,3000,Unique,120
german,27,3000,Shared,2880
german,27,5000,Unique,883
german,27,5000,Shared,4117
german,28,50,Unique,4
german,28,50,Shared,46
german,28,100,Unique,5
german,28,100,Shared,95
german,28,500,Unique,39
german,28,500,Shared,461
german,28,1000,Unique,63
german,28,1000,Shared,937
german,28,2000,Unique,120
german,28,2000,Shared,1880
german,28,3000,Unique,129
german,28,3000,Shared,2871
german,28,5000,Unique,507
german,28,5000,Shared,4493
german,29,50,Unique,1
german,29,50,Shared,49
german,29,100,Unique,5
german,29,100,Shared,95
german,29,500,Unique,39
german,29,500,Shared,461
german,29,1000,Unique,52
german,29,1000,Shared,948
german,29,2000,Unique,91
german,29,2000,Shared,1909
german,29,3000,Unique,97
german,29,3000,Shared,2903
german,29,5000,Unique,848
german,29,5000,Shared,4152
german,30,50,Unique,3
german,30,50,Shared,47
german,30,100,Unique,7
german,30,100,Shared,93
german,30,500,Unique,27
german,30,500,Shared,473
german,30,1000,Unique,41
german,30,1000,Shared,959
german,30,2000,Unique,78
german,30,2000,Shared,1922
german,30,3000,Unique,89
german,30,3000,Shared,2911
german,30,5000,Unique,828
german,30,5000,Shared,4172
german,31,50,Unique,2
german,31,50,Shared,48
german,31,100,Unique,7
german,31,100,Shared,93
german,31,500,Unique,22
german,31,500,Shared,478
german,31,1000,Unique,44
german,31,1000,Shared,956
german,31,2000,Unique,62
german,31,2000,Shared,1938
german,31,3000,Unique,72
german,31,3000,Shared,2928
german,31,5000,Unique,682
german,31,5000,Shared,4318
german,32,50,Unique,1
german,32,50,Shared,49
german,32,100,Unique,9
german,32,100,Shared,91
german,32,500,Unique,36
german,32,500,Shared,464
german,32,1000,Unique,41
german,32,1000,Shared,959
german,32,2000,Unique,59
german,32,2000,Shared,1941
german,32,3000,Unique,81
german,32,3000,Shared,2919
german,32,5000,Unique,736
german,32,5000,Shared,4264
german,33,50,Unique,2
german,33,50,Shared,48
german,33,100,Unique,8
german,33,100,Shared,92
german,33,500,Unique,33
german,33,500,Shared,467
german,33,1000,Unique,45
german,33,1000,Shared,955
german,33,2000,Unique,62
german,33,2000,Shared,1938
german,33,3000,Unique,84
german,33,3000,Shared,2916
german,33,5000,Unique,576
german,33,5000,Shared,4424
german,34,50,Unique,2
german,34,50,Shared,48
german,34,100,Unique,12
german,34,100,Shared,88
german,34,500,Unique,28
german,34,500,Shared,472
german,34,1000,Unique,44
german,34,1000,Shared,956
german,34,2000,Unique,59
german,34,2000,Shared,1941
german,34,3000,Unique,64
german,34,3000,Shared,2936
german,34,5000,Unique,619
german,34,5000,Shared,4381
german,35,50,Unique,2
german,35,50,Shared,48
german,35,100,Unique,11
german,35,100,Shared,89
german,35,500,Unique,24
german,35,500,Shared,476
german,35,1000,Unique,30
german,35,1000,Shared,970
german,35,2000,Unique,45
german,35,2000,Shared,1955
german,35,3000,Unique,58
german,35,3000,Shared,2942
german,35,5000,Unique,635
german,35,5000,Shared,4365
german,36,50,Unique,4
german,36,50,Shared,46
german,36,100,Unique,6
german,36,100,Shared,94
german,36,500,Unique,11
german,36,500,Shared,489
german,36,1000,Unique,18
german,36,1000,Shared,982
german,36,2000,Unique,33
german,36,2000,Shared,1967
german,36,3000,Unique,26
german,36,3000,Shared,2974
german,36,5000,Unique,857
german,36,5000,Shared,4143
german,37,50,Unique,3
german,37,50,Shared,47
german,37,100,Unique,8
german,37,100,Shared,92
german,37,500,Unique,15
german,37,500,Shared,485
german,37,1000,Unique,18
german,37,1000,Shared,982
german,37,2000,Unique,30
german,37,2000,Shared,1970
german,37,3000,Unique,28
german,37,3000,Shared,2972
german,37,5000,Unique,855
german,37,5000,Shared,4145
german,38,50,Unique,5
german,38,50,Shared,45
german,38,100,Unique,5
german,38,100,Shared,95
german,38,500,Unique,10
german,38,500,Shared,490
german,38,1000,Unique,15
german,38,1000,Shared,985
german,38,2000,Unique,24
german,38,2000,Shared,1976
german,38,3000,Unique,17
german,38,3000,Shared,2983
german,38,5000,Unique,807
german,38,5000,Shared,4193
german,39,50,Unique,1
german,39,50,Shared,49
german,39,100,Unique,1
german,39,100,Shared,99
german,39,500,Unique,4
german,39,500,Shared,496
german,39,1000,Unique,8
german,39,1000,Shared,992
german,39,2000,Unique,17
german,39,2000,Shared,1983
german,39,3000,Unique,374
german,39,3000,Shared,2626
german,39,5000,Unique,772
german,39,5000,Shared,4228
german,40,50,Unique,0
german,40,50,Shared,50
german,40,100,Unique,0
german,40,100,Shared,100
german,40,500,Unique,0
german,40,500,Shared,500
german,40,1000,Unique,0
german,40,1000,Shared,1000
german,40,2000,Unique,0
german,40,2000,Shared,2000
german,40,3000,Unique,0
german,40,3000,Shared,3000
german,40,5000,Unique,0
german,40,5000,Shared,5000
german,41,50,Unique,0
german,41,50,Shared,50
german,41,100,Unique,0
german,41,100,Shared,100
german,41,500,Unique,0
german,41,500,Shared,500
german,41,1000,Unique,0
german,41,1000,Shared,1000
german,41,2000,Unique,0
german,41,2000,Shared,2000
german,41,3000,Unique,0
german,41,3000,Shared,3000
german,41,5000,Unique,0
german,41,5000,Shared,5000
code,0,50,Unique,47
code,0,50,Shared,3
code,0,100,Unique,93
code,0,100,Shared,7
code,0,500,Unique,463
code,0,500,Shared,37
code,0,1000,Unique,891
code,0,1000,Shared,109
code,0,2000,Unique,1535
code,0,2000,Shared,465
code,0,3000,Unique,1837
code,0,3000,Shared,1163
code,0,5000,Unique,2152
code,0,5000,Shared,2848
code,1,50,Unique,45
code,1,50,Shared,5
code,1,100,Unique,91
code,1,100,Shared,9
code,1,500,Unique,442
code,1,500,Shared,58
code,1,1000,Unique,634
code,1,1000,Shared,366
code,1,2000,Unique,1215
code,1,2000,Shared,785
code,1,3000,Unique,1831
code,1,3000,Shared,1169
code,1,5000,Unique,2842
code,1,5000,Shared,2158
code,2,50,Unique,43
code,2,50,Shared,7
code,2,100,Unique,89
code,2,100,Shared,11
code,2,500,Unique,447
code,2,500,Shared,53
code,2,1000,Unique,551
code,2,1000,Shared,449
code,2,2000,Unique,849
code,2,2000,Shared,1151
code,2,3000,Unique,1253
code,2,3000,Shared,1747
code,2,5000,Unique,2287
code,2,5000,Shared,2713
code,3,50,Unique,45
code,3,50,Shared,5
code,3,100,Unique,92
code,3,100,Shared,8
code,3,500,Unique,455
code,3,500,Shared,45
code,3,1000,Unique,858
code,3,1000,Shared,142
code,3,2000,Unique,1091
code,3,2000,Shared,909
code,3,3000,Unique,954
code,3,3000,Shared,2046
code,3,5000,Unique,905
code,3,5000,Shared,4095
code,4,50,Unique,42
code,4,50,Shared,8
code,4,100,Unique,85
code,4,100,Shared,15
code,4,500,Unique,443
code,4,500,Shared,57
code,4,1000,Unique,867
code,4,1000,Shared,133
code,4,2000,Unique,986
code,4,2000,Shared,1014
code,4,3000,Unique,909
code,4,3000,Shared,2091
code,4,5000,Unique,993
code,4,5000,Shared,4007
code,5,50,Unique,42
code,5,50,Shared,8
code,5,100,Unique,82
code,5,100,Shared,18
code,5,500,Unique,376
code,5,500,Shared,124
code,5,1000,Unique,445
code,5,1000,Shared,555
code,5,2000,Unique,596
code,5,2000,Shared,1404
code,5,3000,Unique,745
code,5,3000,Shared,2255
code,5,5000,Unique,943
code,5,5000,Shared,4057
code,6,50,Unique,41
code,6,50,Shared,9
code,6,100,Unique,88
code,6,100,Shared,12
code,6,500,Unique,418
code,6,500,Shared,82
code,6,1000,Unique,550
code,6,1000,Shared,450
code,6,2000,Unique,753
code,6,2000,Shared,1247
code,6,3000,Unique,896
code,6,3000,Shared,2104
code,6,5000,Unique,1117
code,6,5000,Shared,3883
code,7,50,Unique,42
code,7,50,Shared,8
code,7,100,Unique,83
code,7,100,Shared,17
code,7,500,Unique,407
code,7,500,Shared,93
code,7,1000,Unique,526
code,7,1000,Shared,474
code,7,2000,Unique,750
code,7,2000,Shared,1250
code,7,3000,Unique,932
code,7,3000,Shared,2068
code,7,5000,Unique,1170
code,7,5000,Shared,3830
code,8,50,Unique,39
code,8,50,Shared,11
code,8,100,Unique,83
code,8,100,Shared,17
code,8,500,Unique,385
code,8,500,Shared,115
code,8,1000,Unique,524
code,8,1000,Shared,476
code,8,2000,Unique,797
code,8,2000,Shared,1203
code,8,3000,Unique,1004
code,8,3000,Shared,1996
code,8,5000,Unique,1280
code,8,5000,Shared,3720
code,9,50,Unique,42
code,9,50,Shared,8
code,9,100,Unique,83
code,9,100,Shared,17
code,9,500,Unique,351
code,9,500,Shared,149
code,9,1000,Unique,524
code,9,1000,Shared,476
code,9,2000,Unique,785
code,9,2000,Shared,1215
code,9,3000,Unique,1016
code,9,3000,Shared,1984
code,9,5000,Unique,1248
code,9,5000,Shared,3752
code,10,50,Unique,42
code,10,50,Shared,8
code,10,100,Unique,83
code,10,100,Shared,17
code,10,500,Unique,391
code,10,500,Shared,109
code,10,1000,Unique,561
code,10,1000,Shared,439
code,10,2000,Unique,819
code,10,2000,Shared,1181
code,10,3000,Unique,1042
code,10,3000,Shared,1958
code,10,5000,Unique,1319
code,10,5000,Shared,3681
code,11,50,Unique,42
code,11,50,Shared,8
code,11,100,Unique,86
code,11,100,Shared,14
code,11,500,Unique,377
code,11,500,Shared,123
code,11,1000,Unique,582
code,11,1000,Shared,418
code,11,2000,Unique,913
code,11,2000,Shared,1087
code,11,3000,Unique,1118
code,11,3000,Shared,1882
code,11,5000,Unique,1367
code,11,5000,Shared,3633
code,12,50,Unique,41
code,12,50,Shared,9
code,12,100,Unique,88
code,12,100,Shared,12
code,12,500,Unique,363
code,12,500,Shared,137
code,12,1000,Unique,581
code,12,1000,Shared,419
code,12,2000,Unique,903
code,12,2000,Shared,1097
code,12,3000,Unique,1152
code,12,3000,Shared,1848
code,12,5000,Unique,1439
code,12,5000,Shared,3561
code,13,50,Unique,39
code,13,50,Shared,11
code,13,100,Unique,86
code,13,100,Shared,14
code,13,500,Unique,370
code,13,500,Shared,130
code,13,1000,Unique,596
code,13,1000,Shared,404
code,13,2000,Unique,941
code,13,2000,Shared,1059
code,13,3000,Unique,1203
code,13,3000,Shared,1797
code,13,5000,Unique,1585
code,13,5000,Shared,3415
code,14,50,Unique,43
code,14,50,Shared,7
code,14,100,Unique,88
code,14,100,Shared,12
code,14,500,Unique,247
code,14,500,Shared,253
code,14,1000,Unique,371
code,14,1000,Shared,629
code,14,2000,Unique,521
code,14,2000,Shared,1479
code,14,3000,Unique,647
code,14,3000,Shared,2353
code,14,5000,Unique,785
code,14,5000,Shared,4215
code,15,50,Unique,41
code,15,50,Shared,9
code,15,100,Unique,85
code,15,100,Shared,15
code,15,500,Unique,314
code,15,500,Shared,186
code,15,1000,Unique,496
code,15,1000,Shared,504
code,15,2000,Unique,747
code,15,2000,Shared,1253
code,15,3000,Unique,945
code,15,3000,Shared,2055
code,15,5000,Unique,1211
code,15,5000,Shared,3789
code,16,50,Unique,43
code,16,50,Shared,7
code,16,100,Unique,77
code,16,100,Shared,23
code,16,500,Unique,202
code,16,500,Shared,298
code,16,1000,Unique,298
code,16,1000,Shared,702
code,16,2000,Unique,486
code,16,2000,Shared,1514
code,16,3000,Unique,619
code,16,3000,Shared,2381
code,16,5000,Unique,901
code,16,5000,Shared,4099
code,17,50,Unique,42
code,17,50,Shared,8
code,17,100,Unique,72
code,17,100,Shared,28
code,17,500,Unique,218
code,17,500,Shared,282
code,17,1000,Unique,352
code,17,1000,Shared,648
code,17,2000,Unique,531
code,17,2000,Shared,1469
code,17,3000,Unique,664
code,17,3000,Shared,2336
code,17,5000,Unique,934
code,17,5000,Shared,4066
code,18,50,Unique,41
code,18,50,Shared,9
code,18,100,Unique,69
code,18,100,Shared,31
code,18,500,Unique,208
code,18,500,Shared,292
code,18,1000,Unique,325
code,18,1000,Shared,675
code,18,2000,Unique,500
code,18,2000,Shared,1500
code,18,3000,Unique,676
code,18,3000,Shared,2324
code,18,5000,Unique,982
code,18,5000,Shared,4018
code,19,50,Unique,36
code,19,50,Shared,14
code,19,100,Unique,75
code,19,100,Shared,25
code,19,500,Unique,304
code,19,500,Shared,196
code,19,1000,Unique,514
code,19,1000,Shared,486
code,19,2000,Unique,834
code,19,2000,Shared,1166
code,19,3000,Unique,1091
code,19,3000,Shared,1909
code,19,5000,Unique,1571
code,19,5000,Shared,3429
code,20,50,Unique,33
code,20,50,Shared,17
code,20,100,Unique,68
code,20,100,Shared,32
code,20,500,Unique,128
code,20,500,Shared,372
code,20,1000,Unique,209
code,20,1000,Shared,791
code,20,2000,Unique,260
code,20,2000,Shared,1740
code,20,3000,Unique,312
code,20,3000,Shared,2688
code,20,5000,Unique,764
code,20,5000,Shared,4236
code,21,50,Unique,30
code,21,50,Shared,20
code,21,100,Unique,66
code,21,100,Shared,34
code,21,500,Unique,214
code,21,500,Shared,286
code,21,1000,Unique,279
code,21,1000,Shared,721
code,21,2000,Unique,434
code,21,2000,Shared,1566
code,21,3000,Unique,545
code,21,3000,Shared,2455
code,21,5000,Unique,1152
code,21,5000,Shared,3848
code,22,50,Unique,30
code,22,50,Shared,20
code,22,100,Unique,71
code,22,100,Shared,29
code,22,500,Unique,229
code,22,500,Shared,271
code,22,1000,Unique,332
code,22,1000,Shared,668
code,22,2000,Unique,521
code,22,2000,Shared,1479
code,22,3000,Unique,695
code,22,3000,Shared,2305
code,22,5000,Unique,1007
code,22,5000,Shared,3993
code,23,50,Unique,31
code,23,50,Shared,19
code,23,100,Unique,63
code,23,100,Shared,37
code,23,500,Unique,236
code,23,500,Shared,264
code,23,1000,Unique,344
code,23,1000,Shared,656
code,23,2000,Unique,561
code,23,2000,Shared,1439
code,23,3000,Unique,708
code,23,3000,Shared,2292
code,23,5000,Unique,1266
code,23,5000,Shared,3734
code,24,50,Unique,34
code,24,50,Shared,16
code,24,100,Unique,68
code,24,100,Shared,32
code,24,500,Unique,220
code,24,500,Shared,280
code,24,1000,Unique,346
code,24,1000,Shared,654
code,24,2000,Unique,527
code,24,2000,Shared,1473
code,24,3000,Unique,686
code,24,3000,Shared,2314
code,24,5000,Unique,1085
code,24,5000,Shared,3915
code,25,50,Unique,30
code,25,50,Shared,20
code,25,100,Unique,64
code,25,100,Shared,36
code,25,500,Unique,165
code,25,500,Shared,335
code,25,1000,Unique,237
code,25,1000,Shared,763
code,25,2000,Unique,355
code,25,2000,Shared,1645
code,25,3000,Unique,470
code,25,3000,Shared,2530
code,25,5000,Unique,879
code,25,5000,Shared,4121
code,26,50,Unique,22
code,26,50,Shared,28
code,26,100,Unique,57
code,26,100,Shared,43
code,26,500,Unique,120
code,26,500,Shared,380
code,26,1000,Unique,185
code,26,1000,Shared,815
code,26,2000,Unique,282
code,26,2000,Shared,1718
code,26,3000,Unique,366
code,26,3000,Shared,2634
code,26,5000,Unique,790
code,26,5000,Shared,4210
code,27,50,Unique,24
code,27,50,Shared,26
code,27,100,Unique,58
code,27,100,Shared,42
code,27,500,Unique,123
code,27,500,Shared,377
code,27,1000,Unique,175
code,27,1000,Shared,825
code,27,2000,Unique,253
code,27,2000,Shared,1747
code,27,3000,Unique,324
code,27,3000,Shared,2676
code,27,5000,Unique,1040
code,27,5000,Shared,3960
code,28,50,Unique,23
code,28,50,Shared,27
code,28,100,Unique,57
code,28,100,Shared,43
code,28,500,Unique,109
code,28,500,Shared,391
code,28,1000,Unique,144
code,28,1000,Shared,856
code,28,2000,Unique,204
code,28,2000,Shared,1796
code,28,3000,Unique,268
code,28,3000,Shared,2732
code,28,5000,Unique,607
code,28,5000,Shared,4393
code,29,50,Unique,24
code,29,50,Shared,26
code,29,100,Unique,36
code,29,100,Shared,64
code,29,500,Unique,99
code,29,500,Shared,401
code,29,1000,Unique,124
code,29,1000,Shared,876
code,29,2000,Unique,172
code,29,2000,Shared,1828
code,29,3000,Unique,195
code,29,3000,Shared,2805
code,29,5000,Unique,1015
code,29,5000,Shared,3985
code,30,50,Unique,18
code,30,50,Shared,32
code,30,100,Unique,29
code,30,100,Shared,71
code,30,500,Unique,75
code,30,500,Shared,425
code,30,1000,Unique,101
code,30,1000,Shared,899
code,30,2000,Unique,146
code,30,2000,Shared,1854
code,30,3000,Unique,186
code,30,3000,Shared,2814
code,30,5000,Unique,946
code,30,5000,Shared,4054
code,31,50,Unique,19
code,31,50,Shared,31
code,31,100,Unique,41
code,31,100,Shared,59
code,31,500,Unique,69
code,31,500,Shared,431
code,31,1000,Unique,109
code,31,1000,Shared,891
code,31,2000,Unique,147
code,31,2000,Shared,1853
code,31,3000,Unique,167
code,31,3000,Shared,2833
code,31,5000,Unique,766
code,31,5000,Shared,4234
code,32,50,Unique,22
code,32,50,Shared,28
code,32,100,Unique,37
code,32,100,Shared,63
code,32,500,Unique,66
code,32,500,Shared,434
code,32,1000,Unique,84
code,32,1000,Shared,916
code,32,2000,Unique,115
code,32,2000,Shared,1885
code,32,3000,Unique,151
code,32,3000,Shared,2849
code,32,5000,Unique,856
code,32,5000,Shared,4144
code,33,50,Unique,19
code,33,50,Shared,31
code,33,100,Unique,26
code,33,100,Shared,74
code,33,500,Unique,67
code,33,500,Shared,433
code,33,1000,Unique,94
code,33,1000,Shared,906
code,33,2000,Unique,126
code,33,2000,Shared,1874
code,33,3000,Unique,149
code,33,3000,Shared,2851
code,33,5000,Unique,669
code,33,5000,Shared,4331
code,34,50,Unique,19
code,34,50,Shared,31
code,34,100,Unique,24
code,34,100,Shared,76
code,34,500,Unique,63
code,34,500,Shared,437
code,34,1000,Unique,89
code,34,1000,Shared,911
code,34,2000,Unique,114
code,34,2000,Shared,1886
code,34,3000,Unique,140
code,34,3000,Shared,2860
code,34,5000,Unique,716
code,34,5000,Shared,4284
code,35,50,Unique,12
code,35,50,Shared,38
code,35,100,Unique,20
code,35,100,Shared,80
code,35,500,Unique,42
code,35,500,Shared,458
code,35,1000,Unique,76
code,35,1000,Shared,924
code,35,2000,Unique,98
code,35,2000,Shared,1902
code,35,3000,Unique,111
code,35,3000,Shared,2889
code,35,5000,Unique,738
code,35,5000,Shared,4262
code,36,50,Unique,12
code,36,50,Shared,38
code,36,100,Unique,16
code,36,100,Shared,84
code,36,500,Unique,33
code,36,500,Shared,467
code,36,1000,Unique,65
code,36,1000,Shared,935
code,36,2000,Unique,72
code,36,2000,Shared,1928
code,36,3000,Unique,73
code,36,3000,Shared,2927
code,36,5000,Unique,869
code,36,5000,Shared,4131
code,37,50,Unique,16
code,37,50,Shared,34
code,37,100,Unique,19
code,37,100,Shared,81
code,37,500,Unique,36
code,37,500,Shared,464
code,37,1000,Unique,60
code,37,1000,Shared,940
code,37,2000,Unique,75
code,37,2000,Shared,1925
code,37,3000,Unique,74
code,37,3000,Shared,2926
code,37,5000,Unique,855
code,37,5000,Shared,4145
code,38,50,Unique,12
code,38,50,Shared,38
code,38,100,Unique,15
code,38,100,Shared,85
code,38,500,Unique,27
code,38,500,Shared,473
code,38,1000,Unique,37
code,38,1000,Shared,963
code,38,2000,Unique,59
code,38,2000,Shared,1941
code,38,3000,Unique,41
code,38,3000,Shared,2959
code,38,5000,Unique,1044
code,38,5000,Shared,3956
code,39,50,Unique,15
code,39,50,Shared,35
code,39,100,Unique,21
code,39,100,Shared,79
code,39,500,Unique,28
code,39,500,Shared,472
code,39,1000,Unique,35
code,39,1000,Shared,965
code,39,2000,Unique,44
code,39,2000,Shared,1956
code,39,3000,Unique,393
code,39,3000,Shared,2607
code,39,5000,Unique,1018
code,39,5000,Shared,3982
code,40,50,Unique,0
code,40,50,Shared,50
code,40,100,Unique,0
code,40,100,Shared,100
code,40,500,Unique,0
code,40,500,Shared,500
code,40,1000,Unique,0
code,40,1000,Shared,1000
code,40,2000,Unique,0
code,40,2000,Shared,2000
code,40,3000,Unique,0
code,40,3000,Shared,3000
code,40,5000,Unique,0
code,40,5000,Shared,5000
code,41,50,Unique,0
code,41,50,Shared,50
code,41,100,Unique,0
code,41,100,Shared,100
code,41,500,Unique,0
code,41,500,Shared,500
code,41,1000,Unique,0
code,41,1000,Shared,1000
code,41,2000,Unique,0
code,41,2000,Shared,2000
code,41,3000,Unique,0
code,41,3000,Shared,3000
code,41,5000,Unique,0
code,41,5000,Shared,5000
math,0,50,Unique,38
math,0,50,Shared,12
math,0,100,Unique,74
math,0,100,Shared,26
math,0,500,Unique,229
math,0,500,Shared,271
math,0,1000,Unique,330
math,0,1000,Shared,670
math,0,2000,Unique,500
math,0,2000,Shared,1500
math,0,3000,Unique,612
math,0,3000,Shared,2388
math,0,5000,Unique,1347
math,0,5000,Shared,3653
math,1,50,Unique,37
math,1,50,Shared,13
math,1,100,Unique,76
math,1,100,Shared,24
math,1,500,Unique,339
math,1,500,Shared,161
math,1,1000,Unique,405
math,1,1000,Shared,595
math,1,2000,Unique,849
math,1,2000,Shared,1151
math,1,3000,Unique,1404
math,1,3000,Shared,1596
math,1,5000,Unique,2321
math,1,5000,Shared,2679
math,2,50,Unique,40
math,2,50,Shared,10
math,2,100,Unique,86
math,2,100,Shared,14
math,2,500,Unique,377
math,2,500,Shared,123
math,2,1000,Unique,365
math,2,1000,Shared,635
math,2,2000,Unique,554
math,2,2000,Shared,1446
math,2,3000,Unique,894
math,2,3000,Shared,2106
math,2,5000,Unique,1767
math,2,5000,Shared,3233
math,3,50,Unique,43
math,3,50,Shared,7
math,3,100,Unique,86
math,3,100,Shared,14
math,3,500,Unique,398
math,3,500,Shared,102
math,3,1000,Unique,709
math,3,1000,Shared,291
math,3,2000,Unique,758
math,3,2000,Shared,1242
math,3,3000,Unique,507
math,3,3000,Shared,2493
math,3,5000,Unique,519
math,3,5000,Shared,4481
math,4,50,Unique,42
math,4,50,Shared,8
math,4,100,Unique,81
math,4,100,Shared,19
math,4,500,Unique,405
math,4,500,Shared,95
math,4,1000,Unique,745
math,4,1000,Shared,255
math,4,2000,Unique,719
math,4,2000,Shared,1281
math,4,3000,Unique,582
math,4,3000,Shared,2418
math,4,5000,Unique,506
math,4,5000,Shared,4494
math,5,50,Unique,37
math,5,50,Shared,13
math,5,100,Unique,80
math,5,100,Shared,20
math,5,500,Unique,360
math,5,500,Shared,140
math,5,1000,Unique,407
math,5,1000,Shared,593
math,5,2000,Unique,433
math,5,2000,Shared,1567
math,5,3000,Unique,503
math,5,3000,Shared,2497
math,5,5000,Unique,612
math,5,5000,Shared,4388
math,6,50,Unique,38
math,6,50,Shared,12
math,6,100,Unique,84
math,6,100,Shared,16
math,6,500,Unique,405
math,6,500,Shared,95
math,6,1000,Unique,505
math,6,1000,Shared,495
math,6,2000,Unique,589
math,6,2000,Shared,1411
math,6,3000,Unique,646
math,6,3000,Shared,2354
math,6,5000,Unique,801
math,6,5000,Shared,4199
math,7,50,Unique,37
math,7,50,Shared,13
math,7,100,Unique,80
math,7,100,Shared,20
math,7,500,Unique,393
math,7,500,Shared,107
math,7,1000,Unique,467
math,7,1000,Shared,533
math,7,2000,Unique,564
math,7,2000,Shared,1436
math,7,3000,Unique,684
math,7,3000,Shared,2316
math,7,5000,Unique,805
math,7,5000,Shared,4195
math,8,50,Unique,37
math,8,50,Shared,13
math,8,100,Unique,82
math,8,100,Shared,18
math,8,500,Unique,361
math,8,500,Shared,139
math,8,1000,Unique,441
math,8,1000,Shared,559
math,8,2000,Unique,610
math,8,2000,Shared,1390
math,8,3000,Unique,731
math,8,3000,Shared,2269
math,8,5000,Unique,916
math,8,5000,Shared,4084
math,9,50,Unique,38
math,9,50,Shared,12
math,9,100,Unique,81
math,9,100,Shared,19
math,9,500,Unique,335
math,9,500,Shared,165
math,9,1000,Unique,448
math,9,1000,Shared,552
math,9,2000,Unique,639
math,9,2000,Shared,1361
math,9,3000,Unique,786
math,9,3000,Shared,2214
math,9,5000,Unique,925
math,9,5000,Shared,4075
math,10,50,Unique,37
math,10,50,Shared,13
math,10,100,Unique,79
math,10,100,Shared,21
math,10,500,Unique,366
math,10,500,Shared,134
math,10,1000,Unique,465
math,10,1000,Shared,535
math,10,2000,Unique,639
math,10,2000,Shared,1361
math,10,3000,Unique,786
math,10,3000,Shared,2214
math,10,5000,Unique,996
math,10,5000,Shared,4004
math,11,50,Unique,40
math,11,50,Shared,10
math,11,100,Unique,83
math,11,100,Shared,17
math,11,500,Unique,339
math,11,500,Shared,161
math,11,1000,Unique,476
math,11,1000,Shared,524
math,11,2000,Unique,685
math,11,2000,Shared,1315
math,11,3000,Unique,849
math,11,3000,Shared,2151
math,11,5000,Unique,1051
math,11,5000,Shared,3949
math,12,50,Unique,39
math,12,50,Shared,11
math,12,100,Unique,88
math,12,100,Shared,12
math,12,500,Unique,344
math,12,500,Shared,156
math,12,1000,Unique,532
math,12,1000,Shared,468
math,12,2000,Unique,746
math,12,2000,Shared,1254
math,12,3000,Unique,928
math,12,3000,Shared,2072
math,12,5000,Unique,1127
math,12,5000,Shared,3873
math,13,50,Unique,39
math,13,50,Shared,11
math,13,100,Unique,85
math,13,100,Shared,15
math,13,500,Unique,350
math,13,500,Shared,150
math,13,1000,Unique,570
math,13,1000,Shared,430
math,13,2000,Unique,838
math,13,2000,Shared,1162
math,13,3000,Unique,1038
math,13,3000,Shared,1962
math,13,5000,Unique,1278
math,13,5000,Shared,3722
math,14,50,Unique,39
math,14,50,Shared,11
math,14,100,Unique,83
math,14,100,Shared,17
math,14,500,Unique,247
math,14,500,Shared,253
math,14,1000,Unique,372
math,14,1000,Shared,628
math,14,2000,Unique,516
math,14,2000,Shared,1484
math,14,3000,Unique,596
math,14,3000,Shared,2404
math,14,5000,Unique,705
math,14,5000,Shared,4295
math,15,50,Unique,40
math,15,50,Shared,10
math,15,100,Unique,82
math,15,100,Shared,18
math,15,500,Unique,308
math,15,500,Shared,192
math,15,1000,Unique,516
math,15,1000,Shared,484
math,15,2000,Unique,748
math,15,2000,Shared,1252
math,15,3000,Unique,908
math,15,3000,Shared,2092
math,15,5000,Unique,1134
math,15,5000,Shared,3866
math,16,50,Unique,42
math,16,50,Shared,8
math,16,100,Unique,72
math,16,100,Shared,28
math,16,500,Unique,209
math,16,500,Shared,291
math,16,1000,Unique,343
math,16,1000,Shared,657
math,16,2000,Unique,521
math,16,2000,Shared,1479
math,16,3000,Unique,631
math,16,3000,Shared,2369
math,16,5000,Unique,859
math,16,5000,Shared,4141
math,17,50,Unique,40
math,17,50,Shared,10
math,17,100,Unique,67
math,17,100,Shared,33
math,17,500,Unique,245
math,17,500,Shared,255
math,17,1000,Unique,363
math,17,1000,Shared,637
math,17,2000,Unique,515
math,17,2000,Shared,1485
math,17,3000,Unique,631
math,17,3000,Shared,2369
math,17,5000,Unique,914
math,17,5000,Shared,4086
math,18,50,Unique,39
math,18,50,Shared,11
math,18,100,Unique,64
math,18,100,Shared,36
math,18,500,Unique,218
math,18,500,Shared,282
math,18,1000,Unique,361
math,18,1000,Shared,639
math,18,2000,Unique,543
math,18,2000,Shared,1457
math,18,3000,Unique,674
math,18,3000,Shared,2326
math,18,5000,Unique,951
math,18,5000,Shared,4049
math,19,50,Unique,36
math,19,50,Shared,14
math,19,100,Unique,76
math,19,100,Shared,24
math,19,500,Unique,321
math,19,500,Shared,179
math,19,1000,Unique,524
math,19,1000,Shared,476
math,19,2000,Unique,869
math,19,2000,Shared,1131
math,19,3000,Unique,1134
math,19,3000,Shared,1866
math,19,5000,Unique,1566
math,19,5000,Shared,3434
math,20,50,Unique,30
math,20,50,Shared,20
math,20,100,Unique,59
math,20,100,Shared,41
math,20,500,Unique,133
math,20,500,Shared,367
math,20,1000,Unique,170
math,20,1000,Shared,830
math,20,2000,Unique,204
math,20,2000,Shared,1796
math,20,3000,Unique,219
math,20,3000,Shared,2781
math,20,5000,Unique,564
math,20,5000,Shared,4436
math,21,50,Unique,29
math,21,50,Shared,21
math,21,100,Unique,61
math,21,100,Shared,39
math,21,500,Unique,169
math,21,500,Shared,331
math,21,1000,Unique,209
math,21,1000,Shared,791
math,21,2000,Unique,296
math,21,2000,Shared,1704
math,21,3000,Unique,371
math,21,3000,Shared,2629
math,21,5000,Unique,845
math,21,5000,Shared,4155
math,22,50,Unique,28
math,22,50,Shared,22
math,22,100,Unique,64
math,22,100,Shared,36
math,22,500,Unique,190
math,22,500,Shared,310
math,22,1000,Unique,221
math,22,1000,Shared,779
math,22,2000,Unique,323
math,22,2000,Shared,1677
math,22,3000,Unique,396
math,22,3000,Shared,2604
math,22,5000,Unique,784
math,22,5000,Shared,4216
math,23,50,Unique,28
math,23,50,Shared,22
math,23,100,Unique,58
math,23,100,Shared,42
math,23,500,Unique,192
math,23,500,Shared,308
math,23,1000,Unique,233
math,23,1000,Shared,767
math,23,2000,Unique,367
math,23,2000,Shared,1633
math,23,3000,Unique,482
math,23,3000,Shared,2518
math,23,5000,Unique,1000
math,23,5000,Shared,4000
math,24,50,Unique,35
math,24,50,Shared,15
math,24,100,Unique,62
math,24,100,Shared,38
math,24,500,Unique,197
math,24,500,Shared,303
math,24,1000,Unique,218
math,24,1000,Shared,782
math,24,2000,Unique,326
math,24,2000,Shared,1674
math,24,3000,Unique,430
math,24,3000,Shared,2570
math,24,5000,Unique,876
math,24,5000,Shared,4124
math,25,50,Unique,31
math,25,50,Shared,19
math,25,100,Unique,61
math,25,100,Shared,39
math,25,500,Unique,126
math,25,500,Shared,374
math,25,1000,Unique,170
math,25,1000,Shared,830
math,25,2000,Unique,247
math,25,2000,Shared,1753
math,25,3000,Unique,298
math,25,3000,Shared,2702
math,25,5000,Unique,713
math,25,5000,Shared,4287
math,26,50,Unique,22
math,26,50,Shared,28
math,26,100,Unique,51
math,26,100,Shared,49
math,26,500,Unique,103
math,26,500,Shared,397
math,26,1000,Unique,149
math,26,1000,Shared,851
math,26,2000,Unique,192
math,26,2000,Shared,1808
math,26,3000,Unique,228
math,26,3000,Shared,2772
math,26,5000,Unique,682
math,26,5000,Shared,4318
math,27,50,Unique,21
math,27,50,Shared,29
math,27,100,Unique,51
math,27,100,Shared,49
math,27,500,Unique,89
math,27,500,Shared,411
math,27,1000,Unique,121
math,27,1000,Shared,879
math,27,2000,Unique,173
math,27,2000,Shared,1827
math,27,3000,Unique,228
math,27,3000,Shared,2772
math,27,5000,Unique,876
math,27,5000,Shared,4124
math,28,50,Unique,23
math,28,50,Shared,27
math,28,100,Unique,51
math,28,100,Shared,49
math,28,500,Unique,97
math,28,500,Shared,403
math,28,1000,Unique,132
math,28,1000,Shared,868
math,28,2000,Unique,188
math,28,2000,Shared,1812
math,28,3000,Unique,222
math,28,3000,Shared,2778
math,28,5000,Unique,558
math,28,5000,Shared,4442
math,29,50,Unique,22
math,29,50,Shared,28
math,29,100,Unique,31
math,29,100,Shared,69
math,29,500,Unique,83
math,29,500,Shared,417
math,29,1000,Unique,110
math,29,1000,Shared,890
math,29,2000,Unique,166
math,29,2000,Shared,1834
math,29,3000,Unique,178
math,29,3000,Shared,2822
math,29,5000,Unique,860
math,29,5000,Shared,4140
math,30,50,Unique,19
math,30,50,Shared,31
math,30,100,Unique,32
math,30,100,Shared,68
math,30,500,Unique,65
math,30,500,Shared,435
math,30,1000,Unique,91
math,30,1000,Shared,909
math,30,2000,Unique,124
math,30,2000,Shared,1876
math,30,3000,Unique,160
math,30,3000,Shared,2840
math,30,5000,Unique,834
math,30,5000,Shared,4166
math,31,50,Unique,19
math,31,50,Shared,31
math,31,100,Unique,37
math,31,100,Shared,63
math,31,500,Unique,59
math,31,500,Shared,441
math,31,1000,Unique,91
math,31,1000,Shared,909
math,31,2000,Unique,136
math,31,2000,Shared,1864
math,31,3000,Unique,145
math,31,3000,Shared,2855
math,31,5000,Unique,681
math,31,5000,Shared,4319
math,32,50,Unique,21
math,32,50,Shared,29
math,32,100,Unique,33
math,32,100,Shared,67
math,32,500,Unique,60
math,32,500,Shared,440
math,32,1000,Unique,84
math,32,1000,Shared,916
math,32,2000,Unique,119
math,32,2000,Shared,1881
math,32,3000,Unique,138
math,32,3000,Shared,2862
math,32,5000,Unique,756
math,32,5000,Shared,4244
math,33,50,Unique,21
math,33,50,Shared,29
math,33,100,Unique,25
math,33,100,Shared,75
math,33,500,Unique,78
math,33,500,Shared,422
math,33,1000,Unique,98
math,33,1000,Shared,902
math,33,2000,Unique,129
math,33,2000,Shared,1871
math,33,3000,Unique,141
math,33,3000,Shared,2859
math,33,5000,Unique,610
math,33,5000,Shared,4390
math,34,50,Unique,18
math,34,50,Shared,32
math,34,100,Unique,26
math,34,100,Shared,74
math,34,500,Unique,65
math,34,500,Shared,435
math,34,1000,Unique,92
math,34,1000,Shared,908
math,34,2000,Unique,102
math,34,2000,Shared,1898
math,34,3000,Unique,119
math,34,3000,Shared,2881
math,34,5000,Unique,645
math,34,5000,Shared,4355
math,35,50,Unique,13
math,35,50,Shared,37
math,35,100,Unique,19
math,35,100,Shared,81
math,35,500,Unique,57
math,35,500,Shared,443
math,35,1000,Unique,78
math,35,1000,Shared,922
math,35,2000,Unique,81
math,35,2000,Shared,1919
math,35,3000,Unique,88
math,35,3000,Shared,2912
math,35,5000,Unique,650
math,35,5000,Shared,4350
math,36,50,Unique,12
math,36,50,Shared,38
math,36,100,Unique,15
math,36,100,Shared,85
math,36,500,Unique,33
math,36,500,Shared,467
math,36,1000,Unique,47
math,36,1000,Shared,953
math,36,2000,Unique,64
math,36,2000,Shared,1936
math,36,3000,Unique,66
math,36,3000,Shared,2934
math,36,5000,Unique,818
math,36,5000,Shared,4182
math,37,50,Unique,15
math,37,50,Shared,35
math,37,100,Unique,18
math,37,100,Shared,82
math,37,500,Unique,37
math,37,500,Shared,463
math,37,1000,Unique,56
math,37,1000,Shared,944
math,37,2000,Unique,72
math,37,2000,Shared,1928
math,37,3000,Unique,68
math,37,3000,Shared,2932
math,37,5000,Unique,768
math,37,5000,Shared,4232
math,38,50,Unique,11
math,38,50,Shared,39
math,38,100,Unique,9
math,38,100,Shared,91
math,38,500,Unique,23
math,38,500,Shared,477
math,38,1000,Unique,24
math,38,1000,Shared,976
math,38,2000,Unique,37
math,38,2000,Shared,1963
math,38,3000,Unique,35
math,38,3000,Shared,2965
math,38,5000,Unique,681
math,38,5000,Shared,4319
math,39,50,Unique,13
math,39,50,Shared,37
math,39,100,Unique,13
math,39,100,Shared,87
math,39,500,Unique,20
math,39,500,Shared,480
math,39,1000,Unique,25
math,39,1000,Shared,975
math,39,2000,Unique,35
math,39,2000,Shared,1965
math,39,3000,Unique,358
math,39,3000,Shared,2642
math,39,5000,Unique,630
math,39,5000,Shared,4370
math,40,50,Unique,0
math,40,50,Shared,50
math,40,100,Unique,0
math,40,100,Shared,100
math,40,500,Unique,0
math,40,500,Shared,500
math,40,1000,Unique,0
math,40,1000,Shared,1000
math,40,2000,Unique,0
math,40,2000,Shared,2000
math,40,3000,Unique,0
math,40,3000,Shared,3000
math,40,5000,Unique,0
math,40,5000,Shared,5000
math,41,50,Unique,0
math,41,50,Shared,50
math,41,100,Unique,0
math,41,100,Shared,100
math,41,500,Unique,0
math,41,500,Shared,500
math,41,1000,Unique,0
math,41,1000,Shared,1000
math,41,2000,Unique,0
math,41,2000,Shared,2000
math,41,3000,Unique,0
math,41,3000,Shared,3000
math,41,5000,Unique,0
math,41,5000,Shared,5000
sql,0,50,Unique,0
sql,0,50,Shared,50
sql,0,100,Unique,2
sql,0,100,Shared,98
sql,0,500,Unique,6
sql,0,500,Shared,494
sql,0,1000,Unique,8
sql,0,1000,Shared,992
sql,0,2000,Unique,11
sql,0,2000,Shared,1989
sql,0,3000,Unique,133
sql,0,3000,Shared,2867
sql,0,5000,Unique,1394
sql,0,5000,Shared,3606
sql,1,50,Unique,3
sql,1,50,Shared,47
sql,1,100,Unique,1
sql,1,100,Shared,99
sql,1,500,Unique,13
sql,1,500,Shared,487
sql,1,1000,Unique,289
sql,1,1000,Shared,711
sql,1,2000,Unique,785
sql,1,2000,Shared,1215
sql,1,3000,Unique,1341
sql,1,3000,Shared,1659
sql,1,5000,Unique,2442
sql,1,5000,Shared,2558
sql,2,50,Unique,1
sql,2,50,Shared,49
sql,2,100,Unique,1
sql,2,100,Shared,99
sql,2,500,Unique,11
sql,2,500,Shared,489
sql,2,1000,Unique,138
sql,2,1000,Shared,862
sql,2,2000,Unique,420
sql,2,2000,Shared,1580
sql,2,3000,Unique,749
sql,2,3000,Shared,2251
sql,2,5000,Unique,1883
sql,2,5000,Shared,3117
sql,3,50,Unique,0
sql,3,50,Shared,50
sql,3,100,Unique,3
sql,3,100,Shared,97
sql,3,500,Unique,10
sql,3,500,Shared,490
sql,3,1000,Unique,20
sql,3,1000,Shared,980
sql,3,2000,Unique,101
sql,3,2000,Shared,1899
sql,3,3000,Unique,187
sql,3,3000,Shared,2813
sql,3,5000,Unique,342
sql,3,5000,Shared,4658
sql,4,50,Unique,1
sql,4,50,Shared,49
sql,4,100,Unique,2
sql,4,100,Shared,98
sql,4,500,Unique,14
sql,4,500,Shared,486
sql,4,1000,Unique,15
sql,4,1000,Shared,985
sql,4,2000,Unique,159
sql,4,2000,Shared,1841
sql,4,3000,Unique,239
sql,4,3000,Shared,2761
sql,4,5000,Unique,354
sql,4,5000,Shared,4646
sql,5,50,Unique,2
sql,5,50,Shared,48
sql,5,100,Unique,4
sql,5,100,Shared,96
sql,5,500,Unique,42
sql,5,500,Shared,458
sql,5,1000,Unique,118
sql,5,1000,Shared,882
sql,5,2000,Unique,215
sql,5,2000,Shared,1785
sql,5,3000,Unique,292
sql,5,3000,Shared,2708
sql,5,5000,Unique,435
sql,5,5000,Shared,4565
sql,6,50,Unique,0
sql,6,50,Shared,50
sql,6,100,Unique,3
sql,6,100,Shared,97
sql,6,500,Unique,31
sql,6,500,Shared,469
sql,6,1000,Unique,138
sql,6,1000,Shared,862
sql,6,2000,Unique,290
sql,6,2000,Shared,1710
sql,6,3000,Unique,399
sql,6,3000,Shared,2601
sql,6,5000,Unique,564
sql,6,5000,Shared,4436
sql,7,50,Unique,3
sql,7,50,Shared,47
sql,7,100,Unique,3
sql,7,100,Shared,97
sql,7,500,Unique,42
sql,7,500,Shared,458
sql,7,1000,Unique,155
sql,7,1000,Shared,845
sql,7,2000,Unique,319
sql,7,2000,Shared,1681
sql,7,3000,Unique,416
sql,7,3000,Shared,2584
sql,7,5000,Unique,584
sql,7,5000,Shared,4416
sql,8,50,Unique,1
sql,8,50,Shared,49
sql,8,100,Unique,2
sql,8,100,Shared,98
sql,8,500,Unique,55
sql,8,500,Shared,445
sql,8,1000,Unique,175
sql,8,1000,Shared,825
sql,8,2000,Unique,336
sql,8,2000,Shared,1664
sql,8,3000,Unique,458
sql,8,3000,Shared,2542
sql,8,5000,Unique,665
sql,8,5000,Shared,4335
sql,9,50,Unique,1
sql,9,50,Shared,49
sql,9,100,Unique,2
sql,9,100,Shared,98
sql,9,500,Unique,90
sql,9,500,Shared,410
sql,9,1000,Unique,203
sql,9,1000,Shared,797
sql,9,2000,Unique,377
sql,9,2000,Shared,1623
sql,9,3000,Unique,530
sql,9,3000,Shared,2470
sql,9,5000,Unique,688
sql,9,5000,Shared,4312
sql,10,50,Unique,3
sql,10,50,Shared,47
sql,10,100,Unique,5
sql,10,100,Shared,95
sql,10,500,Unique,67
sql,10,500,Shared,433
sql,10,1000,Unique,213
sql,10,1000,Shared,787
sql,10,2000,Unique,368
sql,10,2000,Shared,1632
sql,10,3000,Unique,497
sql,10,3000,Shared,2503
sql,10,5000,Unique,744
sql,10,5000,Shared,4256
sql,11,50,Unique,2
sql,11,50,Shared,48
sql,11,100,Unique,7
sql,11,100,Shared,93
sql,11,500,Unique,95
sql,11,500,Shared,405
sql,11,1000,Unique,249
sql,11,1000,Shared,751
sql,11,2000,Unique,443
sql,11,2000,Shared,1557
sql,11,3000,Unique,586
sql,11,3000,Shared,2414
sql,11,5000,Unique,808
sql,11,5000,Shared,4192
sql,12,50,Unique,2
sql,12,50,Shared,48
sql,12,100,Unique,4
sql,12,100,Shared,96
sql,12,500,Unique,110
sql,12,500,Shared,390
sql,12,1000,Unique,258
sql,12,1000,Shared,742
sql,12,2000,Unique,448
sql,12,2000,Shared,1552
sql,12,3000,Unique,625
sql,12,3000,Shared,2375
sql,12,5000,Unique,858
sql,12,5000,Shared,4142
sql,13,50,Unique,4
sql,13,50,Shared,46
sql,13,100,Unique,3
sql,13,100,Shared,97
sql,13,500,Unique,119
sql,13,500,Shared,381
sql,13,1000,Unique,268
sql,13,1000,Shared,732
sql,13,2000,Unique,497
sql,13,2000,Shared,1503
sql,13,3000,Unique,683
sql,13,3000,Shared,2317
sql,13,5000,Unique,1014
sql,13,5000,Shared,3986
sql,14,50,Unique,2
sql,14,50,Shared,48
sql,14,100,Unique,10
sql,14,100,Shared,90
sql,14,500,Unique,108
sql,14,500,Shared,392
sql,14,1000,Unique,177
sql,14,1000,Shared,823
sql,14,2000,Unique,275
sql,14,2000,Shared,1725
sql,14,3000,Unique,347
sql,14,3000,Shared,2653
sql,14,5000,Unique,436
sql,14,5000,Shared,4564
sql,15,50,Unique,3
sql,15,50,Shared,47
sql,15,100,Unique,9
sql,15,100,Shared,91
sql,15,500,Unique,126
sql,15,500,Shared,374
sql,15,1000,Unique,237
sql,15,1000,Shared,763
sql,15,2000,Unique,399
sql,15,2000,Shared,1601
sql,15,3000,Unique,541
sql,15,3000,Shared,2459
sql,15,5000,Unique,735
sql,15,5000,Shared,4265
sql,16,50,Unique,2
sql,16,50,Shared,48
sql,16,100,Unique,11
sql,16,100,Shared,89
sql,16,500,Unique,104
sql,16,500,Shared,396
sql,16,1000,Unique,166
sql,16,1000,Shared,834
sql,16,2000,Unique,260
sql,16,2000,Shared,1740
sql,16,3000,Unique,338
sql,16,3000,Shared,2662
sql,16,5000,Unique,526
sql,16,5000,Shared,4474
sql,17,50,Unique,3
sql,17,50,Shared,47
sql,17,100,Unique,15
sql,17,100,Shared,85
sql,17,500,Unique,114
sql,17,500,Shared,386
sql,17,1000,Unique,187
sql,17,1000,Shared,813
sql,17,2000,Unique,294
sql,17,2000,Shared,1706
sql,17,3000,Unique,387
sql,17,3000,Shared,2613
sql,17,5000,Unique,595
sql,17,5000,Shared,4405
sql,18,50,Unique,3
sql,18,50,Shared,47
sql,18,100,Unique,16
sql,18,100,Shared,84
sql,18,500,Unique,105
sql,18,500,Shared,395
sql,18,1000,Unique,189
sql,18,1000,Shared,811
sql,18,2000,Unique,280
sql,18,2000,Shared,1720
sql,18,3000,Unique,391
sql,18,3000,Shared,2609
sql,18,5000,Unique,592
sql,18,5000,Shared,4408
sql,19,50,Unique,4
sql,19,50,Shared,46
sql,19,100,Unique,11
sql,19,100,Shared,89
sql,19,500,Unique,145
sql,19,500,Shared,355
sql,19,1000,Unique,279
sql,19,1000,Shared,721
sql,19,2000,Unique,502
sql,19,2000,Shared,1498
sql,19,3000,Unique,668
sql,19,3000,Shared,2332
sql,19,5000,Unique,1115
sql,19,5000,Shared,3885
sql,20,50,Unique,1
sql,20,50,Shared,49
sql,20,100,Unique,6
sql,20,100,Shared,94
sql,20,500,Unique,62
sql,20,500,Shared,438
sql,20,1000,Unique,93
sql,20,1000,Shared,907
sql,20,2000,Unique,148
sql,20,2000,Shared,1852
sql,20,3000,Unique,178
sql,20,3000,Shared,2822
sql,20,5000,Unique,608
sql,20,5000,Shared,4392
sql,21,50,Unique,2
sql,21,50,Shared,48
sql,21,100,Unique,5
sql,21,100,Shared,95
sql,21,500,Unique,63
sql,21,500,Shared,437
sql,21,1000,Unique,141
sql,21,1000,Shared,859
sql,21,2000,Unique,221
sql,21,2000,Shared,1779
sql,21,3000,Unique,345
sql,21,3000,Shared,2655
sql,21,5000,Unique,1019
sql,21,5000,Shared,3981
sql,22,50,Unique,2
sql,22,50,Shared,48
sql,22,100,Unique,3
sql,22,100,Shared,97
sql,22,500,Unique,60
sql,22,500,Shared,440
sql,22,1000,Unique,141
sql,22,1000,Shared,859
sql,22,2000,Unique,248
sql,22,2000,Shared,1752
sql,22,3000,Unique,343
sql,22,3000,Shared,2657
sql,22,5000,Unique,840
sql,22,5000,Shared,4160
sql,23,50,Unique,2
sql,23,50,Shared,48
sql,23,100,Unique,5
sql,23,100,Shared,95
sql,23,500,Unique,70
sql,23,500,Shared,430
sql,23,1000,Unique,146
sql,23,1000,Shared,854
sql,23,2000,Unique,280
sql,23,2000,Shared,1720
sql,23,3000,Unique,544
sql,23,3000,Shared,2456
sql,23,5000,Unique,1104
sql,23,5000,Shared,3896
sql,24,50,Unique,2
sql,24,50,Shared,48
sql,24,100,Unique,8
sql,24,100,Shared,92
sql,24,500,Unique,66
sql,24,500,Shared,434
sql,24,1000,Unique,136
sql,24,1000,Shared,864
sql,24,2000,Unique,263
sql,24,2000,Shared,1737
sql,24,3000,Unique,444
sql,24,3000,Shared,2556
sql,24,5000,Unique,1016
sql,24,5000,Shared,3984
sql,25,50,Unique,1
sql,25,50,Shared,49
sql,25,100,Unique,3
sql,25,100,Shared,97
sql,25,500,Unique,65
sql,25,500,Shared,435
sql,25,1000,Unique,120
sql,25,1000,Shared,880
sql,25,2000,Unique,187
sql,25,2000,Shared,1813
sql,25,3000,Unique,304
sql,25,3000,Shared,2696
sql,25,5000,Unique,880
sql,25,5000,Shared,4120
sql,26,50,Unique,2
sql,26,50,Shared,48
sql,26,100,Unique,3
sql,26,100,Shared,97
sql,26,500,Unique,56
sql,26,500,Shared,444
sql,26,1000,Unique,87
sql,26,1000,Shared,913
sql,26,2000,Unique,143
sql,26,2000,Shared,1857
sql,26,3000,Unique,216
sql,26,3000,Shared,2784
sql,26,5000,Unique,783
sql,26,5000,Shared,4217
sql,27,50,Unique,2
sql,27,50,Shared,48
sql,27,100,Unique,10
sql,27,100,Shared,90
sql,27,500,Unique,44
sql,27,500,Shared,456
sql,27,1000,Unique,80
sql,27,1000,Shared,920
sql,27,2000,Unique,130
sql,27,2000,Shared,1870
sql,27,3000,Unique,246
sql,27,3000,Shared,2754
sql,27,5000,Unique,977
sql,27,5000,Shared,4023
sql,28,50,Unique,1
sql,28,50,Shared,49
sql,28,100,Unique,4
sql,28,100,Shared,96
sql,28,500,Unique,43
sql,28,500,Shared,457
sql,28,1000,Unique,92
sql,28,1000,Shared,908
sql,28,2000,Unique,132
sql,28,2000,Shared,1868
sql,28,3000,Unique,150
sql,28,3000,Shared,2850
sql,28,5000,Unique,613
sql,28,5000,Shared,4387
sql,29,50,Unique,1
sql,29,50,Shared,49
sql,29,100,Unique,6
sql,29,100,Shared,94
sql,29,500,Unique,38
sql,29,500,Shared,462
sql,29,1000,Unique,69
sql,29,1000,Shared,931
sql,29,2000,Unique,114
sql,29,2000,Shared,1886
sql,29,3000,Unique,169
sql,29,3000,Shared,2831
sql,29,5000,Unique,1070
sql,29,5000,Shared,3930
sql,30,50,Unique,2
sql,30,50,Shared,48
sql,30,100,Unique,5
sql,30,100,Shared,95
sql,30,500,Unique,29
sql,30,500,Shared,471
sql,30,1000,Unique,57
sql,30,1000,Shared,943
sql,30,2000,Unique,91
sql,30,2000,Shared,1909
sql,30,3000,Unique,151
sql,30,3000,Shared,2849
sql,30,5000,Unique,964
sql,30,5000,Shared,4036
sql,31,50,Unique,0
sql,31,50,Shared,50
sql,31,100,Unique,7
sql,31,100,Shared,93
sql,31,500,Unique,31
sql,31,500,Shared,469
sql,31,1000,Unique,54
sql,31,1000,Shared,946
sql,31,2000,Unique,82
sql,31,2000,Shared,1918
sql,31,3000,Unique,90
sql,31,3000,Shared,2910
sql,31,5000,Unique,781
sql,31,5000,Shared,4219
sql,32,50,Unique,2
sql,32,50,Shared,48
sql,32,100,Unique,9
sql,32,100,Shared,91
sql,32,500,Unique,36
sql,32,500,Shared,464
sql,32,1000,Unique,55
sql,32,1000,Shared,945
sql,32,2000,Unique,80
sql,32,2000,Shared,1920
sql,32,3000,Unique,115
sql,32,3000,Shared,2885
sql,32,5000,Unique,908
sql,32,5000,Shared,4092
sql,33,50,Unique,3
sql,33,50,Shared,47
sql,33,100,Unique,7
sql,33,100,Shared,93
sql,33,500,Unique,36
sql,33,500,Shared,464
sql,33,1000,Unique,60
sql,33,1000,Shared,940
sql,33,2000,Unique,92
sql,33,2000,Shared,1908
sql,33,3000,Unique,112
sql,33,3000,Shared,2888
sql,33,5000,Unique,644
sql,33,5000,Shared,4356
sql,34,50,Unique,1
sql,34,50,Shared,49
sql,34,100,Unique,10
sql,34,100,Shared,90
sql,34,500,Unique,42
sql,34,500,Shared,458
sql,34,1000,Unique,62
sql,34,1000,Shared,938
sql,34,2000,Unique,73
sql,34,2000,Shared,1927
sql,34,3000,Unique,88
sql,34,3000,Shared,2912
sql,34,5000,Unique,730
sql,34,5000,Shared,4270
sql,35,50,Unique,4
sql,35,50,Shared,46
sql,35,100,Unique,14
sql,35,100,Shared,86
sql,35,500,Unique,29
sql,35,500,Shared,471
sql,35,1000,Unique,47
sql,35,1000,Shared,953
sql,35,2000,Unique,58
sql,35,2000,Shared,1942
sql,35,3000,Unique,69
sql,35,3000,Shared,2931
sql,35,5000,Unique,822
sql,35,5000,Shared,4178
sql,36,50,Unique,4
sql,36,50,Shared,46
sql,36,100,Unique,8
sql,36,100,Shared,92
sql,36,500,Unique,19
sql,36,500,Shared,481
sql,36,1000,Unique,34
sql,36,1000,Shared,966
sql,36,2000,Unique,40
sql,36,2000,Shared,1960
sql,36,3000,Unique,54
sql,36,3000,Shared,2946
sql,36,5000,Unique,1163
sql,36,5000,Shared,3837
sql,37,50,Unique,3
sql,37,50,Shared,47
sql,37,100,Unique,7
sql,37,100,Shared,93
sql,37,500,Unique,22
sql,37,500,Shared,478
sql,37,1000,Unique,36
sql,37,1000,Shared,964
sql,37,2000,Unique,46
sql,37,2000,Shared,1954
sql,37,3000,Unique,57
sql,37,3000,Shared,2943
sql,37,5000,Unique,1157
sql,37,5000,Shared,3843
sql,38,50,Unique,5
sql,38,50,Shared,45
sql,38,100,Unique,5
sql,38,100,Shared,95
sql,38,500,Unique,17
sql,38,500,Shared,483
sql,38,1000,Unique,21
sql,38,1000,Shared,979
sql,38,2000,Unique,30
sql,38,2000,Shared,1970
sql,38,3000,Unique,27
sql,38,3000,Shared,2973
sql,38,5000,Unique,983
sql,38,5000,Shared,4017
sql,39,50,Unique,4
sql,39,50,Shared,46
sql,39,100,Unique,3
sql,39,100,Shared,97
sql,39,500,Unique,10
sql,39,500,Shared,490
sql,39,1000,Unique,14
sql,39,1000,Shared,986
sql,39,2000,Unique,21
sql,39,2000,Shared,1979
sql,39,3000,Unique,408
sql,39,3000,Shared,2592
sql,39,5000,Unique,897
sql,39,5000,Shared,4103
sql,40,50,Unique,0
sql,40,50,Shared,50
sql,40,100,Unique,0
sql,40,100,Shared,100
sql,40,500,Unique,0
sql,40,500,Shared,500
sql,40,1000,Unique,0
sql,40,1000,Shared,1000
sql,40,2000,Unique,0
sql,40,2000,Shared,2000
sql,40,3000,Unique,0
sql,40,3000,Shared,3000
sql,40,5000,Unique,0
sql,40,5000,Shared,5000
sql,41,50,Unique,0
sql,41,50,Shared,50
sql,41,100,Unique,0
sql,41,100,Shared,100
sql,41,500,Unique,0
sql,41,500,Shared,500
sql,41,1000,Unique,0
sql,41,1000,Shared,1000
sql,41,2000,Unique,0
sql,41,2000,Shared,2000
sql,41,3000,Unique,0
sql,41,3000,Shared,3000
sql,41,5000,Unique,0
sql,41,5000,Shared,5000
